workload,count,original_us,texture_only_us,candidate_us,candidate_p10_us,candidate_p90_us,change_percent,original_batches,candidate_batches,original_allocs,original_alloc_bytes,candidate_allocs,candidate_retained_bytes,initial_candidate_us
quads-ordered,32,0.116,0.116,0.034,0.030,0.037,-70.3,1,1,1,7680,0,0,0.030
quads-random,32,0.631,0.628,0.455,0.403,0.764,-28.0,1,1,1,7680,0,512,0.306
quads-reverse,32,0.116,0.114,0.089,0.086,0.097,-23.0,1,1,1,7680,0,0,0.134
atlas1-ordered,32,0.125,0.130,0.034,0.033,0.036,-72.5,1,1,1,5376,0,0,0.037
atlas1-random,32,0.381,0.408,0.389,0.381,0.413,2.0,1,1,1,5376,0,512,0.294
atlas4-ordered,32,0.064,0.359,0.034,0.033,0.036,-46.3,32,32,1,5376,0,0,0.323
atlas4-random,32,0.380,0.408,0.364,0.358,0.372,-4.1,26,27,1,5376,0,512,0.286
quads-reverse-ties,32,0.908,0.913,0.523,0.516,0.530,-42.3,1,1,1,7680,0,512,0.309
quads-equal,32,0.055,0.055,0.034,0.030,0.037,-37.1,1,1,1,7680,0,0,0.028
quads-nearly-ordered,32,0.053,0.053,0.034,0.031,0.037,-35.3,1,1,1,7680,0,0,0.030
quads-sparse,32,0.831,0.825,0.492,0.481,0.592,-40.8,1,1,1,7680,0,512,0.309
atlas4-sparse,32,0.406,0.438,0.400,0.395,0.419,-1.5,28,28,1,5376,0,512,0.294
atlas4-grouped,32,0.294,0.072,0.039,0.036,0.042,-86.7,32,4,1,5376,0,0,0.037
quads-ordered,256,0.214,0.216,0.130,0.125,0.134,-39.4,1,1,1,40960,0,0,0.114
quads-random,256,8.433,8.498,2.852,2.834,2.887,-66.2,1,1,1,40960,0,8192,3.047
quads-reverse,256,0.764,0.767,0.662,0.658,0.667,-13.3,1,1,1,40960,0,0,1.020
atlas1-ordered,256,0.456,0.492,0.191,0.188,0.194,-58.2,1,1,1,28672,0,0,0.211
atlas1-random,256,5.938,5.966,2.670,2.648,2.720,-55.0,1,1,1,28672,0,8192,3.045
atlas4-ordered,256,0.306,5.270,0.192,0.188,0.198,-37.2,256,256,1,28672,0,0,3.289
atlas4-random,256,5.338,5.816,3.264,3.258,3.277,-38.8,198,159,1,28672,0,8192,2.973
quads-reverse-ties,256,8.077,8.195,2.980,2.950,2.994,-63.1,1,1,1,40960,0,8192,3.083
quads-equal,256,0.217,0.219,0.131,0.127,0.134,-39.6,1,1,1,40960,0,0,0.105
quads-nearly-ordered,256,1.244,1.334,1.342,1.337,1.378,7.9,1,1,1,40960,0,8192,2.984
quads-sparse,256,8.806,8.986,4.730,4.705,4.770,-46.3,1,1,1,40960,0,8192,2.975
atlas4-sparse,256,5.545,5.773,5.072,5.048,5.147,-8.5,187,187,1,28672,0,8192,2.711
atlas4-grouped,256,5.369,0.492,0.194,0.191,0.197,-96.4,256,32,1,28672,0,0,0.206
quads-ordered,2000,1.067,1.059,0.913,0.903,0.939,-14.5,1,1,1,320000,0,0,0.847
quads-random,2000,72.595,71.505,22.461,21.886,25.031,-69.1,1,1,1,320000,0,64000,30.720
quads-reverse,2000,5.386,5.375,5.150,5.103,5.542,-4.4,1,1,1,320000,0,0,7.678
atlas1-ordered,2000,1.706,1.967,1.469,1.464,1.477,-13.9,1,1,1,224000,0,0,1.495
atlas1-random,2000,71.422,77.158,23.181,22.228,33.895,-67.5,1,1,1,224000,0,64000,40.355
atlas4-ordered,2000,1.723,64.641,1.486,1.477,1.503,-13.8,2000,2000,1,224000,0,0,33.473
atlas4-random,2000,65.814,70.697,26.709,26.514,29.688,-59.4,1534,256,1,224000,0,64000,34.392
quads-reverse-ties,2000,94.705,94.241,23.881,22.927,26.333,-74.8,1,1,1,320000,0,64000,31.812
quads-equal,2000,1.103,1.128,0.886,0.883,0.892,-19.7,1,1,1,320000,0,0,0.884
quads-nearly-ordered,2000,25.366,25.295,10.316,10.027,10.416,-59.3,1,1,1,320000,0,64000,30.038
quads-sparse,2000,109.295,111.556,39.928,36.527,61.883,-63.5,1,1,1,320000,0,64000,40.534
atlas4-sparse,2000,128.642,144.836,62.352,42.558,63.564,-51.5,1486,1486,1,224000,0,64000,40.455
atlas4-grouped,2000,81.027,3.062,1.911,1.477,1.947,-97.6,2000,252,1,224000,0,0,2.158
quads-ordered,10000,40.461,40.239,41.045,38.939,43.377,1.4,1,1,1,1600000,0,0,42.598
quads-random,10000,574.809,593.948,402.502,339.244,469.223,-30.0,1,1,1,1600000,0,320000,384.062
quads-reverse,10000,84.283,78.897,76.823,71.998,82.712,-8.9,1,1,1,1600000,0,0,89.680
atlas1-ordered,10000,9.467,9.938,9.242,8.706,10.442,-2.4,1,1,1,1120000,0,0,9.822
atlas1-random,10000,490.981,541.919,156.991,138.294,225.958,-68.0,1,1,1,1120000,0,320000,390.773
atlas4-ordered,10000,11.386,488.525,9.156,8.473,10.998,-19.6,10000,10000,1,1120000,0,0,247.616
atlas4-random,10000,488.448,567.150,230.203,161.847,261.952,-52.9,7640,256,1,1120000,0,320000,508.917
quads-reverse-ties,10000,873.100,816.311,341.484,291.725,447.238,-60.9,1,1,1,1600000,0,320000,366.236
quads-equal,10000,41.905,40.820,40.172,39.414,41.844,-4.1,1,1,1,1600000,0,0,41.808
quads-nearly-ordered,10000,353.534,346.803,122.316,118.495,153.761,-65.4,1,1,1,1600000,0,320000,243.414
quads-sparse,10000,884.398,899.903,443.755,390.473,574.222,-49.8,1,1,1,1600000,0,320000,432.280
atlas4-sparse,10000,489.002,556.659,262.702,233.222,358.536,-46.3,7534,7534,1,1120000,0,320000,240.991
atlas4-grouped,10000,441.009,11.820,9.044,8.605,10.702,-97.9,10000,1252,1,1120000,0,0,9.469
