workload,count,original_us,texture_only_us,candidate_us,candidate_p10_us,candidate_p90_us,change_percent,original_batches,candidate_batches,original_allocs,original_alloc_bytes,candidate_allocs,candidate_retained_bytes
quads-ordered,32,0.112,0.112,0.028,0.025,0.031,-75.0,1,1,1,7680,0,0
quads-random,32,0.752,0.752,0.300,0.297,0.306,-60.1,1,1,1,7680,0,5376
quads-reverse,32,0.114,0.117,0.136,0.128,0.145,19.2,1,1,1,7680,0,5376
atlas1-ordered,32,0.125,0.131,0.053,0.002,0.097,-57.5,1,1,1,5376,0,0
atlas1-random,32,0.380,0.416,0.295,0.291,0.312,-22.2,1,1,1,5376,0,3840
atlas4-ordered,32,0.066,0.361,0.339,0.336,0.345,416.7,32,4,1,5376,0,3840
atlas4-random,32,0.373,0.416,0.291,0.287,0.294,-22.2,26,27,1,5376,0,3840
quads-ordered,256,0.345,0.350,0.106,0.102,0.111,-69.2,1,1,1,40960,0,0
quads-random,256,9.008,9.348,2.962,2.944,3.055,-67.1,1,1,1,40960,0,43008
quads-reverse,256,0.752,0.752,0.958,0.953,0.959,27.4,1,1,1,40960,0,43008
atlas1-ordered,256,0.322,0.359,0.200,0.198,0.202,-37.9,1,1,1,28672,0,0
atlas1-random,256,5.672,6.103,3.050,3.031,3.111,-46.2,1,1,1,28672,0,30720
atlas4-ordered,256,0.444,5.808,3.264,3.252,3.323,635.6,256,32,1,28672,0,30720
atlas4-random,256,6.009,6.130,3.028,3.020,3.089,-49.6,198,159,1,28672,0,30720
quads-ordered,2000,1.070,1.067,0.841,0.836,0.848,-21.5,1,1,1,320000,0,0
quads-random,2000,72.244,71.838,30.383,30.161,31.889,-57.9,1,1,1,320000,0,336000
quads-reverse,2000,5.339,5.320,7.575,7.539,7.686,41.9,1,1,1,320000,0,336000
atlas1-ordered,2000,1.650,1.905,1.484,1.475,1.509,-10.0,1,1,1,224000,0,0
atlas1-random,2000,75.475,73.947,37.133,35.230,67.355,-50.8,1,1,1,224000,0,240000
atlas4-ordered,2000,1.659,64.391,32.028,31.908,32.656,1830.1,2000,252,1,224000,0,240000
atlas4-random,2000,65.595,70.845,33.948,33.173,40.403,-48.2,1534,256,1,224000,0,240000
quads-ordered,10000,40.564,40.516,40.119,39.494,41.113,-1.1,1,1,1,1600000,0,0
quads-random,10000,451.442,447.972,334.650,326.211,342.628,-25.9,1,1,1,1600000,0,1680000
quads-reverse,10000,75.547,74.692,85.697,82.236,90.714,13.4,1,1,1,1600000,0,1680000
atlas1-ordered,10000,8.820,9.859,8.839,8.608,9.528,0.2,1,1,1,1120000,0,0
atlas1-random,10000,423.925,449.595,269.166,254.933,314.980,-36.5,1,1,1,1120000,0,1200000
atlas4-ordered,10000,9.088,420.845,201.887,198.506,213.092,2121.6,10000,1252,1,1120000,0,1200000
atlas4-random,10000,422.842,458.016,448.244,441.555,455.547,6.0,7640,256,1,1120000,0,1200000
