workload,count,original_us,texture_only_us,candidate_us,candidate_p10_us,candidate_p90_us,change_percent,original_batches,candidate_batches,original_allocs,original_alloc_bytes,candidate_allocs,candidate_retained_bytes,initial_candidate_us,previous_candidate_us
quads-ordered,32,0.097,0.098,0.028,0.027,0.030,-71.0,1,1,1,7680,0,0,0.028,0.033
quads-random,32,0.767,0.766,0.275,0.270,0.319,-64.2,1,1,1,7680,0,256,0.295,0.406
quads-reverse,32,0.114,0.116,0.097,0.095,0.100,-15.1,1,1,1,7680,0,0,0.125,0.091
atlas1-ordered,32,0.103,0.103,0.036,0.030,0.037,-65.2,1,1,1,5376,0,0,0.037,0.036
atlas1-random,32,0.394,0.430,0.233,0.223,0.253,-40.9,1,1,1,5376,0,512,0.289,0.317
atlas4-ordered,32,0.064,0.361,0.036,0.034,0.039,-43.9,32,32,1,5376,0,0,0.322,0.036
atlas4-random,32,0.392,0.428,0.233,0.225,0.248,-40.6,26,26,1,5376,0,512,0.287,0.327
quads-reverse-ties,32,1.273,1.267,0.214,0.163,0.223,-83.2,1,1,1,7680,0,0,0.519,0.705
quads-equal,32,0.091,0.091,0.048,0.044,0.055,-46.6,1,1,1,7680,0,0,0.037,0.047
quads-nearly-ordered,32,0.094,0.092,0.048,0.028,0.053,-48.3,1,1,1,7680,0,0,0.047,0.058
quads-sparse,32,0.820,0.817,0.284,0.280,0.489,-65.3,1,1,1,7680,0,256,0.300,0.419
atlas4-sparse,32,0.405,0.456,0.248,0.234,0.439,-38.6,25,25,1,5376,0,512,0.294,0.330
atlas4-grouped,32,0.291,0.070,0.044,0.042,0.047,-84.9,32,4,1,5376,0,0,0.036,0.039
atlas4-full-keys,32,0.394,0.428,0.227,0.220,0.413,-42.5,32,32,1,5376,0,512,0.289,0.323
mixed-random,32,0.438,0.436,0.206,0.200,0.358,-52.9,22,22,0,0,0,384,0.227,0.300
mixed-ordered,32,0.034,0.091,0.031,0.030,0.036,-9.1,17,17,0,0,0,0,0.108,0.034
quads-ordered,128,0.169,0.170,0.075,0.070,0.134,-55.6,1,1,1,20480,0,0,0.053,0.081
quads-random,128,3.980,3.961,0.636,0.608,0.661,-84.0,1,1,1,20480,0,2048,1.383,1.398
quads-reverse,128,0.588,0.583,0.452,0.336,0.467,-23.1,1,1,1,20480,0,0,0.820,0.414
atlas1-ordered,128,0.147,0.180,0.087,0.083,0.091,-40.4,1,1,1,14336,0,0,0.091,0.087
atlas1-random,128,2.345,2.513,0.772,0.738,1.191,-67.1,1,1,1,14336,0,4096,1.327,1.431
atlas4-ordered,128,0.128,2.195,0.086,0.081,0.092,-32.9,128,128,1,14336,0,0,1.500,0.087
atlas4-random,128,2.273,2.514,0.988,0.977,1.142,-56.6,92,93,1,14336,0,4096,1.311,1.752
quads-reverse-ties,128,3.617,3.620,0.598,0.592,1.036,-83.5,1,1,1,20480,0,0,1.347,1.492
quads-equal,128,0.175,0.175,0.072,0.066,0.081,-58.9,1,1,1,20480,0,0,0.050,0.081
quads-nearly-ordered,128,1.241,1.242,0.463,0.441,0.806,-62.7,1,1,1,20480,0,2048,1.309,0.806
quads-sparse,128,3.688,3.633,1.167,1.114,2.006,-68.3,1,1,1,20480,0,1024,1.342,2.402
atlas4-sparse,128,2.308,2.298,1.067,1.039,1.753,-53.8,97,97,1,14336,0,2048,1.283,2.645
atlas4-grouped,128,2.312,0.156,0.109,0.103,0.117,-95.3,128,16,1,14336,0,0,0.098,0.092
atlas4-full-keys,128,2.345,2.513,1.087,1.070,1.305,-53.6,128,128,1,14336,0,2048,1.353,3.611
mixed-random,128,3.264,3.378,1.087,1.067,1.617,-66.7,77,74,2,17408,0,1536,1.308,1.636
mixed-ordered,128,0.147,0.762,0.086,0.077,0.119,-41.5,68,68,2,17408,0,0,0.819,0.091
quads-ordered,256,0.241,0.244,0.127,0.123,0.130,-47.4,1,1,1,40960,0,0,0.109,0.131
quads-random,256,10.680,10.692,1.241,1.213,1.398,-88.4,1,1,1,40960,0,4096,3.208,3.106
quads-reverse,256,0.945,0.947,0.689,0.684,0.697,-27.1,1,1,1,40960,0,0,0.984,0.658
atlas1-ordered,256,0.580,0.622,0.198,0.195,0.202,-65.8,1,1,1,28672,0,0,0.211,0.197
atlas1-random,256,5.734,6.237,1.556,1.547,1.656,-72.9,1,1,1,28672,0,8192,3.120,2.745
atlas4-ordered,256,0.314,5.581,0.202,0.198,0.272,-35.8,256,256,1,28672,0,0,3.337,0.202
atlas4-random,256,5.764,6.430,1.977,1.945,2.148,-65.7,190,155,1,28672,0,8192,3.041,3.292
quads-reverse-ties,256,10.838,10.842,1.225,1.219,1.242,-88.7,1,1,1,40960,0,0,3.103,3.431
quads-equal,256,0.244,0.245,0.127,0.123,0.131,-48.1,1,1,1,40960,0,0,0.111,0.131
quads-nearly-ordered,256,1.466,1.461,0.716,0.703,0.764,-51.2,1,1,1,40960,0,4096,3.033,1.377
quads-sparse,256,10.700,10.733,2.555,2.502,2.642,-76.1,1,1,1,40960,0,2048,3.039,4.841
atlas4-sparse,256,5.486,5.969,2.361,2.339,2.386,-57.0,192,192,1,28672,0,4096,2.808,5.036
atlas4-grouped,256,5.808,0.619,0.209,0.203,0.214,-96.4,256,32,1,28672,0,0,0.209,0.200
atlas4-full-keys,256,5.497,6.103,2.475,2.456,2.678,-55.0,256,256,1,28672,0,4096,2.962,6.773
mixed-random,256,7.478,7.700,1.700,1.647,1.730,-77.3,133,123,2,34816,0,6144,2.794,3.209
mixed-ordered,256,0.309,2.155,0.150,0.144,0.183,-51.5,136,136,2,34816,0,0,1.531,0.156
quads-ordered,512,0.372,0.377,0.241,0.236,0.250,-35.3,1,1,1,81920,0,0,0.237,0.252
quads-random,512,24.295,19.973,2.845,2.508,4.430,-88.3,1,1,1,81920,0,8192,6.764,6.030
quads-reverse,512,1.728,1.725,1.395,1.389,1.438,-19.3,1,1,1,81920,0,0,1.969,1.345
atlas1-ordered,512,0.506,0.577,0.397,0.394,0.400,-21.6,1,1,1,57344,0,0,0.402,0.397
atlas1-random,512,13.188,14.367,3.391,3.323,4.952,-74.3,1,1,1,57344,0,16384,7.180,5.581
atlas4-ordered,512,0.681,13.400,0.402,0.397,0.552,-41.1,512,512,1,57344,0,0,7.358,0.400
atlas4-random,512,13.375,14.513,4.214,4.119,5.967,-68.5,385,220,1,57344,0,16384,7.269,6.664
quads-reverse-ties,512,20.758,21.459,2.527,2.495,3.409,-87.8,1,1,1,81920,0,0,7.037,6.675
quads-equal,512,0.378,0.378,0.244,0.237,0.280,-35.5,1,1,1,81920,0,0,0.239,0.264
quads-nearly-ordered,512,4.180,4.184,1.511,1.495,2.134,-63.9,1,1,1,81920,0,8192,6.803,2.834
quads-sparse,512,22.630,22.503,5.816,5.472,9.177,-74.3,1,1,1,81920,0,4096,6.816,9.059
atlas4-sparse,512,14.664,16.616,5.536,5.406,5.778,-62.2,397,397,1,57344,0,8192,6.473,10.292
atlas4-grouped,512,12.141,0.584,0.409,0.402,0.470,-96.6,512,64,1,57344,0,0,0.409,0.406
atlas4-full-keys,512,17.894,17.580,6.206,5.798,6.964,-65.3,512,512,1,57344,0,8192,7.402,16.759
mixed-random,512,14.642,15.303,3.380,3.228,3.494,-76.9,216,169,2,69632,0,12288,6.312,6.248
mixed-ordered,512,0.572,5.781,0.328,0.322,0.572,-42.6,272,272,2,69632,0,0,3.555,0.338
quads-ordered,2000,1.250,1.227,0.956,0.877,1.598,-23.5,1,1,1,320000,0,0,0.914,0.966
quads-random,2000,78.914,77.925,10.334,10.180,12.194,-86.9,1,1,1,320000,0,32000,31.112,22.964
quads-reverse,2000,6.816,6.809,6.911,5.858,7.088,1.4,1,1,1,320000,0,0,12.642,6.331
atlas1-ordered,2000,2.442,3.080,2.028,2.008,2.144,-17.0,1,1,1,224000,0,0,2.153,2.022
atlas1-random,2000,86.411,93.845,20.311,19.988,20.455,-76.5,1,1,1,224000,0,64000,52.403,34.748
atlas4-ordered,2000,2.463,85.881,2.025,2.005,2.127,-17.8,2000,2000,1,224000,0,0,48.027,2.041
atlas4-random,2000,85.409,93.328,24.113,23.969,24.231,-71.8,1505,255,1,224000,0,64000,49.536,41.225
quads-reverse-ties,2000,160.622,161.073,12.945,12.848,13.131,-91.9,1,1,1,320000,0,0,48.808,38.091
quads-equal,2000,1.562,1.523,1.550,1.534,1.584,-0.8,1,1,1,320000,0,0,1.002,1.350
quads-nearly-ordered,2000,36.475,36.408,8.309,8.178,8.452,-77.2,1,1,1,320000,0,32000,46.372,15.766
quads-sparse,2000,166.684,166.553,26.248,26.031,26.625,-84.3,1,1,1,320000,0,32000,48.400,59.205
atlas4-sparse,2000,87.117,94.239,39.139,38.944,39.406,-55.1,1484,1484,1,224000,0,64000,42.398,62.906
atlas4-grouped,2000,81.375,3.138,2.444,2.100,2.514,-97.0,2000,252,1,224000,0,0,2.292,1.962
atlas4-full-keys,2000,86.072,94.964,48.047,33.964,48.423,-44.2,2000,2000,1,224000,0,64000,46.541,84.039
mixed-random,2000,102.269,107.100,19.922,18.023,20.491,-80.5,582,191,2,272000,0,48000,46.408,39.552
mixed-ordered,2000,2.166,37.041,1.794,1.773,1.834,-17.2,1063,1063,2,272000,0,0,22.461,1.719
quads-ordered,10000,47.022,48.961,44.962,41.978,59.077,-4.4,1,1,1,1600000,0,0,47.828,46.122
quads-random,10000,647.147,654.078,321.225,245.002,356.695,-50.4,1,1,1,1600000,0,160000,504.052,451.981
quads-reverse,10000,88.541,88.367,92.483,90.108,95.263,4.5,1,1,1,1600000,0,0,111.797,87.200
atlas1-ordered,10000,11.381,13.925,10.628,10.427,10.917,-6.6,1,1,1,1120000,0,0,11.081,10.764
atlas1-random,10000,549.008,590.491,122.258,100.239,131.241,-77.7,1,1,1,1120000,0,320000,401.744,213.294
atlas4-ordered,10000,11.208,548.958,10.628,8.695,11.284,-5.2,10000,10000,1,1120000,0,0,285.077,10.566
atlas4-random,10000,438.205,491.216,119.097,116.989,126.383,-72.8,7592,256,1,1120000,0,320000,457.789,158.834
quads-reverse-ties,10000,698.439,661.137,98.237,96.966,104.683,-85.9,1,1,1,1600000,0,0,309.772,283.700
quads-equal,10000,40.389,40.209,39.870,39.008,40.950,-1.3,1,1,1,1600000,0,0,39.964,39.877
quads-nearly-ordered,10000,319.041,318.906,89.073,87.956,98.025,-72.1,1,1,1,1600000,0,160000,218.619,118.138
quads-sparse,10000,808.252,812.930,270.719,263.328,352.339,-66.5,1,1,1,1600000,0,160000,364.083,390.383
atlas4-sparse,10000,561.188,606.342,212.434,206.841,216.998,-62.1,7446,7446,1,1120000,0,320000,278.647,353.075
atlas4-grouped,10000,514.530,13.973,12.180,10.220,12.686,-97.6,10000,1252,1,1120000,0,0,11.483,10.391
atlas4-full-keys,10000,567.261,608.945,258.477,255.245,260.898,-54.4,10000,10000,1,1120000,0,320000,362.833,459.506
mixed-random,10000,555.780,579.056,110.134,108.780,113.320,-80.2,2618,192,2,1360000,0,240000,324.650,209.202
mixed-ordered,10000,11.734,245.902,10.803,10.627,11.381,-7.9,5313,5313,2,1360000,0,0,134.223,11.767
quads-ordered,16384,71.897,71.919,68.939,68.116,69.841,-4.1,1,1,1,2621440,0,0,71.575,69.606
quads-random,16384,1093.402,1090.380,540.797,535.205,552.536,-50.5,1,1,1,2621440,0,262144,882.780,776.698
quads-reverse,16384,139.131,137.817,145.194,126.958,184.159,4.4,1,1,1,2621440,0,0,187.234,137.152
atlas1-ordered,16384,36.342,37.461,34.938,32.909,41.433,-3.9,1,1,1,1835008,0,0,36.128,34.870
atlas1-random,16384,1018.041,1063.653,276.459,248.683,292.420,-72.8,1,1,1,1835008,0,524288,926.056,431.316
atlas4-ordered,16384,38.447,1014.020,42.786,35.492,47.030,11.3,16384,16384,1,1835008,0,0,585.634,42.219
atlas4-random,16384,1079.650,1218.122,327.103,297.402,376.423,-69.7,12434,256,1,1835008,0,524288,1151.378,528.487
quads-reverse-ties,16384,1878.672,1855.592,203.259,195.595,221.269,-89.2,1,1,1,2621440,0,0,692.022,745.020
quads-equal,16384,72.970,72.756,69.580,68.639,70.905,-4.6,1,1,1,2621440,0,0,71.850,70.153
quads-nearly-ordered,16384,835.889,834.650,189.970,186.430,192.895,-77.3,1,1,1,2621440,0,262144,541.795,258.969
quads-sparse,16384,1442.527,1421.450,448.327,430.142,669.847,-68.9,1,1,1,2621440,0,262144,673.406,726.644
atlas4-sparse,16384,1115.578,1154.414,415.739,342.683,448.417,-62.7,12367,12367,1,1835008,0,524288,546.312,663.131
atlas4-grouped,16384,952.542,42.920,38.239,35.558,43.028,-96.0,16384,2048,1,1835008,0,0,36.144,35.903
atlas4-full-keys,16384,1119.780,1186.016,510.466,489.550,538.361,-54.4,16384,16384,1,1835008,0,524288,823.097,897.572
mixed-random,16384,944.781,981.053,191.775,161.017,194.766,-79.7,4236,192,2,2228224,0,393216,771.837,368.414
mixed-ordered,16384,18.202,423.044,17.400,15.480,18.100,-4.4,8704,8704,2,2228224,0,0,226.327,18.764
