workload,count,original_us,texture_only_us,production_us,production_p10_us,production_p90_us,change_percent,original_batches,production_batches,original_allocs,original_alloc_bytes,production_allocs,production_retained_bytes,initial_candidate_us,previous_candidate_us
quads-ordered,32,0.091,0.061,0.031,0.027,0.033,-65.5,1,1,1,7680,0,0,0.028,0.034
quads-random,32,0.750,0.750,0.270,0.269,0.277,-64.0,1,1,1,7680,0,256,0.431,0.461
quads-reverse,32,0.114,0.112,0.095,0.092,0.098,-16.4,1,1,1,7680,0,0,0.134,0.089
atlas1-ordered,32,0.097,0.072,0.037,0.033,0.041,-61.3,1,1,1,5376,0,0,0.039,0.036
atlas1-random,32,0.381,0.391,0.286,0.278,0.297,-25.0,1,1,1,5376,0,512,0.386,0.361
atlas4-ordered,32,0.064,0.338,0.039,0.036,0.041,-39.0,32,32,1,5376,0,0,0.416,0.036
atlas4-random,32,0.383,0.395,0.287,0.278,0.314,-24.9,26,27,1,5376,0,512,0.383,0.356
quads-reverse-ties,32,0.913,0.913,0.156,0.153,0.159,-82.9,1,1,1,7680,0,0,0.453,0.503
quads-equal,32,0.058,0.056,0.030,0.027,0.033,-48.6,1,1,1,7680,0,0,0.028,0.034
quads-nearly-ordered,32,0.058,0.056,0.030,0.027,0.033,-48.6,1,1,1,7680,0,0,0.028,0.033
quads-sparse,32,0.864,0.863,0.278,0.275,0.284,-67.8,1,1,1,7680,0,256,0.448,0.478
atlas4-sparse,32,0.411,0.423,0.289,0.280,0.312,-29.7,28,28,1,5376,0,512,0.392,0.367
atlas4-grouped,32,0.300,0.072,0.045,0.041,0.050,-84.9,32,4,1,5376,0,0,0.041,0.041
atlas4-full-keys,32,0.386,0.395,0.281,0.278,0.297,-27.1,32,32,1,5376,0,512,0.381,0.367
mixed-random,32,0.466,0.472,0.247,0.233,0.259,-47.0,21,21,0,0,0,384,0.298,0.303
mixed-ordered,32,0.036,0.097,0.033,0.030,0.034,-8.7,17,17,0,0,0,0,0.122,0.034
quads-ordered,128,0.163,0.161,0.052,0.039,0.069,-68.3,1,1,1,20480,0,0,0.052,0.072
quads-random,128,5.234,5.239,0.678,0.645,0.698,-87.0,1,1,1,20480,0,2048,2.070,1.575
quads-reverse,128,0.414,0.417,0.320,0.312,0.327,-22.6,1,1,1,20480,0,0,0.523,0.316
atlas1-ordered,128,0.141,0.161,0.087,0.086,0.092,-37.8,1,1,1,14336,0,0,0.095,0.086
atlas1-random,128,2.347,2.467,0.853,0.814,0.917,-63.6,1,1,1,14336,0,4096,2.027,1.377
atlas4-ordered,128,0.125,2.197,0.089,0.084,0.092,-28.8,128,128,1,14336,0,0,2.337,0.086
atlas4-random,128,2.236,2.467,1.062,1.033,1.150,-52.5,104,95,1,14336,0,4096,1.959,1.691
quads-reverse-ties,128,4.731,4.747,0.577,0.562,0.586,-87.8,1,1,1,20480,0,0,2.211,1.795
quads-equal,128,0.161,0.161,0.052,0.022,0.077,-68.0,1,1,1,20480,0,0,0.050,0.073
quads-nearly-ordered,128,1.292,1.286,0.487,0.472,0.500,-62.3,1,1,1,20480,0,2048,2.197,0.850
quads-sparse,128,4.669,4.683,1.341,1.316,1.372,-71.3,1,1,1,20480,0,1024,2.297,3.409
atlas4-sparse,128,2.266,2.386,1.395,1.373,1.450,-38.4,88,88,1,14336,0,2048,1.980,2.778
atlas4-grouped,128,2.306,0.153,0.100,0.100,0.103,-95.7,128,16,1,14336,0,0,0.092,0.091
atlas4-full-keys,128,2.317,2.461,1.391,1.358,2.431,-40.0,128,128,1,14336,0,2048,2.022,3.864
mixed-random,128,3.120,3.087,1.231,1.216,1.264,-60.5,79,80,2,17408,0,1536,1.769,1.806
mixed-ordered,128,0.141,0.742,0.070,0.069,0.073,-50.0,68,68,2,17408,0,0,0.984,0.081
quads-ordered,256,0.237,0.236,0.109,0.105,0.114,-53.9,1,1,1,40960,0,0,0.111,0.128
quads-random,256,10.908,10.903,1.339,1.292,1.566,-87.7,1,1,1,40960,0,4096,4.716,3.217
quads-reverse,256,0.934,0.934,0.652,0.647,0.655,-30.3,1,1,1,40960,0,0,1.025,0.641
atlas1-ordered,256,0.464,0.495,0.203,0.195,0.245,-56.2,1,1,1,28672,0,0,0.206,0.192
atlas1-random,256,5.833,6.091,1.719,1.650,2.056,-70.5,1,1,1,28672,0,8192,4.783,2.717
atlas4-ordered,256,0.317,5.428,0.203,0.192,0.211,-36.0,256,256,1,28672,0,0,4.869,0.192
atlas4-random,256,5.833,6.175,2.197,2.150,2.536,-62.3,198,159,1,28672,0,8192,4.737,3.367
quads-reverse-ties,256,11.019,10.984,1.172,1.145,1.178,-89.4,1,1,1,40960,0,0,4.848,3.480
quads-equal,256,0.241,0.241,0.111,0.103,0.116,-53.9,1,1,1,40960,0,0,0.108,0.128
quads-nearly-ordered,256,1.508,1.506,0.834,0.812,0.908,-44.7,1,1,1,40960,0,4096,4.627,1.781
quads-sparse,256,9.997,9.948,2.936,2.884,3.052,-70.6,1,1,1,40960,0,2048,4.692,4.938
atlas4-sparse,256,5.831,6.133,3.123,3.023,3.319,-46.4,187,187,1,28672,0,4096,4.444,5.239
atlas4-grouped,256,5.531,0.495,0.205,0.200,0.216,-96.3,256,32,1,28672,0,0,0.205,0.195
atlas4-full-keys,256,5.698,6.166,3.245,3.158,3.445,-43.0,256,256,1,28672,0,4096,4.792,7.120
mixed-random,256,6.800,7.133,1.809,1.759,1.834,-73.4,142,135,2,34816,0,6144,4.475,3.103
mixed-ordered,256,0.286,2.153,0.144,0.138,0.147,-49.7,136,136,2,34816,0,0,2.406,0.150
quads-ordered,512,0.359,0.358,0.231,0.223,0.239,-35.7,1,1,1,81920,0,0,0.228,0.245
quads-random,512,19.900,19.923,2.600,2.547,2.928,-86.9,1,1,1,81920,0,8192,10.503,5.739
quads-reverse,512,1.620,1.620,1.297,1.267,1.305,-20.0,1,1,1,81920,0,0,2.034,1.295
atlas1-ordered,512,0.500,0.567,0.389,0.378,0.394,-22.2,1,1,1,57344,0,0,0.389,0.384
atlas1-random,512,13.014,13.844,3.639,3.586,3.847,-72.0,1,1,1,57344,0,16384,11.158,5.888
atlas4-ordered,512,0.648,12.894,0.392,0.389,0.397,-39.5,512,512,1,57344,0,0,11.008,0.391
atlas4-random,512,13.212,13.877,5.005,4.556,5.350,-62.1,375,221,1,57344,0,16384,10.766,6.634
quads-reverse-ties,512,23.916,23.850,2.394,2.378,2.463,-90.0,1,1,1,81920,0,0,10.859,6.769
quads-equal,512,0.358,0.358,0.234,0.230,0.241,-34.5,1,1,1,81920,0,0,0.231,0.247
quads-nearly-ordered,512,3.795,3.848,1.720,1.694,1.775,-54.7,1,1,1,81920,0,8192,10.161,2.762
quads-sparse,512,22.397,22.367,6.427,6.316,6.652,-71.3,1,1,1,81920,0,4096,10.544,9.587
atlas4-sparse,512,13.741,14.548,7.036,6.844,7.297,-48.8,391,391,1,57344,0,8192,10.283,11.348
atlas4-grouped,512,12.044,0.572,0.397,0.386,0.414,-96.7,512,64,1,57344,0,0,0.394,0.386
atlas4-full-keys,512,13.305,14.917,7.228,7.150,7.353,-45.7,512,512,1,57344,0,8192,10.598,15.056
mixed-random,512,16.658,17.095,3.656,3.527,3.734,-78.1,217,173,2,69632,0,12288,9.217,6.608
mixed-ordered,512,0.512,5.186,0.316,0.309,0.323,-38.4,272,272,2,69632,0,0,4.889,0.319
quads-ordered,2000,1.062,1.064,0.828,0.812,0.848,-22.1,1,1,1,320000,0,0,0.823,0.867
quads-random,2000,80.919,83.061,10.634,10.403,11.041,-86.9,1,1,1,320000,0,32000,49.759,24.483
quads-reverse,2000,5.230,5.222,4.992,4.864,5.064,-4.5,1,1,1,320000,0,0,7.619,4.977
atlas1-ordered,2000,1.648,1.891,1.427,1.416,1.570,-13.5,1,1,1,224000,0,0,1.445,1.425
atlas1-random,2000,69.947,73.822,17.172,16.725,19.373,-75.5,1,1,1,224000,0,64000,60.092,22.339
atlas4-ordered,2000,1.695,65.006,1.452,1.408,1.562,-14.4,2000,2000,1,224000,0,0,53.345,1.453
atlas4-random,2000,67.456,72.436,21.209,20.727,23.116,-68.6,1534,256,1,224000,0,64000,58.592,26.733
quads-reverse-ties,2000,120.175,120.189,9.264,8.978,10.656,-92.3,1,1,1,320000,0,0,52.361,27.439
quads-equal,2000,1.061,1.052,0.855,0.830,0.977,-19.4,1,1,1,320000,0,0,0.834,0.870
quads-nearly-ordered,2000,26.408,26.620,6.773,6.577,8.956,-74.4,1,1,1,320000,0,32000,49.450,10.833
quads-sparse,2000,110.698,109.420,19.337,18.336,22.841,-82.5,1,1,1,320000,0,32000,51.456,37.831
atlas4-sparse,2000,67.756,71.934,33.358,31.742,35.772,-50.8,1486,1486,1,224000,0,64000,51.097,40.517
atlas4-grouped,2000,61.362,1.931,1.477,1.455,1.830,-97.6,2000,252,1,224000,0,0,1.483,1.480
atlas4-full-keys,2000,69.719,71.861,40.755,38.886,43.008,-41.5,2000,2000,1,224000,0,64000,55.620,55.105
mixed-random,2000,75.367,75.494,15.617,15.325,19.517,-79.3,610,192,2,272000,0,48000,49.759,24.950
mixed-ordered,2000,1.520,27.722,1.183,1.163,1.367,-22.2,1063,1063,2,272000,0,0,24.458,1.213
quads-ordered,10000,41.391,42.272,41.278,40.473,43.044,-0.3,1,1,1,1600000,0,0,41.403,40.764
quads-random,10000,485.048,481.044,236.575,229.881,245.808,-51.2,1,1,1,1600000,0,160000,456.111,365.505
quads-reverse,10000,73.291,73.452,68.403,67.220,71.791,-6.7,1,1,1,1600000,0,0,85.455,74.062
atlas1-ordered,10000,9.277,10.202,9.031,8.453,10.164,-2.6,1,1,1,1120000,0,0,8.925,8.781
atlas1-random,10000,439.831,464.094,99.905,96.706,104.820,-77.3,1,1,1,1120000,0,320000,441.581,136.898
atlas4-ordered,10000,9.406,435.286,8.847,8.442,9.811,-5.9,10000,10000,1,1120000,0,0,338.256,8.744
atlas4-random,10000,437.422,468.045,125.158,120.934,132.597,-71.4,7640,256,1,1120000,0,320000,642.873,162.169
quads-reverse-ties,10000,737.686,729.645,98.909,96.394,104.517,-86.6,1,1,1,1600000,0,0,441.959,319.708
quads-equal,10000,40.300,40.191,40.073,38.777,40.797,-0.6,1,1,1,1600000,0,0,39.655,39.466
quads-nearly-ordered,10000,325.603,330.466,98.828,96.111,103.266,-69.6,1,1,1,1600000,0,160000,324.477,119.109
quads-sparse,10000,785.994,783.248,284.020,276.438,305.492,-63.9,1,1,1,1600000,0,160000,472.595,432.042
atlas4-sparse,10000,446.548,475.830,184.508,179.020,194.002,-58.7,7534,7534,1,1120000,0,320000,344.850,230.905
atlas4-grouped,10000,409.670,10.866,9.294,8.466,11.686,-97.7,10000,1252,1,1120000,0,0,9.045,8.984
atlas4-full-keys,10000,474.348,491.944,223.822,214.267,307.545,-52.8,10000,10000,1,1120000,0,320000,477.203,319.073
mixed-random,10000,416.036,426.366,92.302,89.800,95.450,-77.8,2671,192,2,1360000,0,240000,332.067,139.720
mixed-ordered,10000,10.342,192.428,8.933,8.733,9.623,-13.6,5313,5313,2,1360000,0,0,158.605,9.858
quads-ordered,16384,65.245,65.652,65.000,63.720,66.169,-0.4,1,1,1,2621440,0,0,65.469,64.333
quads-random,16384,795.131,796.303,394.259,382.953,418.308,-50.4,1,1,1,2621440,0,262144,787.717,616.881
quads-reverse,16384,113.836,113.656,105.569,98.689,109.334,-7.3,1,1,1,2621440,0,0,136.389,115.902
atlas1-ordered,16384,32.995,33.350,32.434,30.952,34.102,-1.7,1,1,1,1835008,0,0,32.203,32.830
atlas1-random,16384,796.536,837.906,257.952,239.723,269.784,-67.6,1,1,1,1835008,0,524288,1069.286,327.048
atlas4-ordered,16384,36.861,824.275,41.245,35.938,44.519,11.9,16384,16384,1,1835008,0,0,718.742,40.850
atlas4-random,16384,802.981,882.739,277.792,263.487,316.184,-65.4,12356,256,1,1835008,0,524288,1254.145,366.128
quads-reverse-ties,16384,1233.116,1220.383,149.556,146.072,162.311,-87.9,1,1,1,2621440,0,0,744.787,513.272
quads-equal,16384,65.467,64.928,64.709,63.705,68.159,-1.2,1,1,1,2621440,0,0,64.583,64.227
quads-nearly-ordered,16384,627.817,622.114,166.795,165.023,170.119,-73.4,1,1,1,2621440,0,262144,558.500,198.859
quads-sparse,16384,1370.770,1366.872,457.692,449.913,473.145,-66.6,1,1,1,2621440,0,262144,807.913,728.589
atlas4-sparse,16384,840.363,885.164,374.117,356.156,409.759,-55.5,12348,12348,1,1835008,0,524288,677.138,474.748
atlas4-grouped,16384,748.473,39.467,36.108,31.884,39.111,-95.2,16384,2048,1,1835008,0,0,33.295,32.064
atlas4-full-keys,16384,828.217,883.881,425.178,409.194,452.189,-48.7,16384,16384,1,1835008,0,524288,1001.767,595.553
mixed-random,16384,727.567,755.495,155.841,153.642,161.844,-78.6,4265,192,2,2228224,0,393216,759.528,249.737
mixed-ordered,16384,15.931,339.677,14.539,13.758,15.536,-8.7,8704,8704,2,2228224,0,0,268.866,15.603
